variant,output,tal1_diff_in_cd34,coarse_grained_variant_group
chr1:47239296:C>CCGTTTCCTAACC,True,0.5443748,MUTE_other
chr1:47239296:C>ACC,True,0.40833154,MUTE_3
chr1:47239296:C>AACG,True,0.33998802,MUTE_4
chr1:47239291:CTAACC>TTTACCGTCTGTTAACGGC,True,-0.007810533,MUTE_other
chr1:47239296:C>ACG,True,0.48528168,MUTE_3
chr1:47239295:AC>TCAAACTGGTAACC,True,0.28284866,MUTE_other
chr1:47239296:C>AACC,True,0.3147311,MUTE_4
chr1:47212072:T>TGGGTAAACCGTCTGTTCAGCG,True,0.33481666,47212072_22
chr1:47212074:G>GAACGTT,True,0.31954625,47212074_7
chr1:47230639:C>T,True,0.038175374,47230639_1
chr1:47239296:C>ACGGATATAACC,True,0.69121885,MUTE_other
chr1:47239296:C>ACGGAATTTCTAACC,True,0.7677537,MUTE_other
chr1:47239293:TTA>CTAACGG,True,0.20191151,MUTE_other
chr1:47239293:TTA>ACCGTTAATCAA,True,0.34167504,MUTE_other
chr1:47239296:C>AC,True,0.21410432,MUTE_2
chr1:47239296:C>TGTGATCGCATTG,False,-0.009659827,MUTE_other
chr1:47239296:C>ATGCCTAGAAGTG,False,-0.009177089,MUTE_other
chr1:47239296:C>CCT,False,-0.029443711,MUTE_3
chr1:47239296:C>ATG,False,-0.004507512,MUTE_3
chr1:47239296:C>ATGC,False,-0.0060323775,MUTE_4
chr1:47239296:C>CTAG,False,-0.00833711,MUTE_4
chr1:47239291:CTAACC>CGCATTGCTGCCAAGTATT,False,-0.30247495,MUTE_other
chr1:47239291:CTAACC>ATGCCTAGAAGTGTGTGAT,False,-0.30046925,MUTE_other
chr1:47239295:AC>ATGCCTAGAAGTGT,False,-0.013013601,MUTE_other
chr1:47239295:AC>GTGATCGCATTGCT,False,-0.01769945,MUTE_other
chr1:47212072:T>ATTGCTGCCAAGTATTCGATGC,False,-0.21118042,47212072_22
chr1:47212072:T>ATGCCTAGAAGTGTGTGATCGC,False,-0.10242808,47212072_22
chr1:47212074:G>ATGCCTA,False,-0.029021561,47212074_7
chr1:47212074:G>GAAGTGT,False,0.1801258,47212074_7
chr1:47230639:C>A,False,-0.010465562,47230639_1
chr1:47230639:C>G,False,-0.013228238,47230639_1
chr1:47239296:C>ATGCCTAGAAGT,False,-0.008968145,MUTE_other
chr1:47239296:C>GTGTGATCGCAT,False,-0.0076658726,MUTE_other
chr1:47239296:C>TGATCGCATTGCTGC,False,-0.016151547,MUTE_other
chr1:47239296:C>ATGCCTAGAAGTGTG,False,0.002742052,MUTE_other
chr1:47239293:TTA>ATGCCTA,False,-0.014290303,MUTE_other
chr1:47239293:TTA>GAAGTGT,False,0.0145615935,MUTE_other
chr1:47239293:TTA>ATGCCTAGAAGT,False,-0.014367282,MUTE_other
chr1:47239293:TTA>GTGTGATCGCAT,False,-0.008035809,MUTE_other
chr1:47239296:C>AT,False,0.006351292,MUTE_2
chr1:47239296:C>GC,False,0.019347697,MUTE_2
